<?xml version="1.0"?>
 <configuration>
  <property>
    <name>yarn.nodemanager.aux-services</name>
    <value>mapreduce.shuffle</value>
  </property>
  <property>
    <name>yarn.nodemanager.aux-services.mapreduce.shuffle.class</name>
    <value>org.apache.hadoop.mapred.ShuffleHandler</value>
  </property>
  <property>
    <name>yarn.resourcemanager.resource-tracker.address</name>
    <value>server01:8025</value>
  </property>
  <property>
    <name>yarn.resourcemanager.scheduler.address</name>
    <value>server01:8030</value>
  </property>
  <property>
    <name>yarn.resourcemanager.address</name>
    <value>server01:8040</value>
  </property>
  <property>
    <name>yarn.nodemanager.localizer.address</name>
    <value>server01:8060</value>
  </property>
 </configuration>
